,course,semester,professor,class_time,course_code,room
458,257,13,문영인,목 1 2 3,V41010101,5406
459,257,13,문영인,목 4 5 6,V41010104,5406
460,258,13,김영란,화 4 5 6,V41002203,5311
461,258,13,김영란,화 7 8 9,V41002204,5311
462,259,13,오건택,월 1 2 3,V41012101,2214
463,260,13,신진호,화 4 5 6,V41023101,2513
464,261,13,배주호,월 7 8 9,V41031101,0213
465,262,13,이용웅,화 10 11 12,V41027201,4219
466,263,13,김영란,목 7 8 9,T07201201,0403
467,264,13,이재혁,화 9 10 11,V41008201,5309
468,265,13,김승태,화 1 2 3,V41009201,0209
469,266,13,고석훈,월 1 2 3,T02253601,2515
470,267,13,김재빈,목 4 5 6,V41020101,5405
471,268,13,박민규,월 7 8 9,T07403201,2303
472,269,13,한영진,수 4 5 6,P05208101,4207
473,270,13,배주호,수 7 8 9,D01103701,4417
474,270,13,문유진,수 4 5 6,D01103702,4417
475,271,13,현재훈,월 7 8 9,D01203901,4403
476,271,13,현재훈,화 7 8 9,D01203902,4403
477,271,13,서옥순,화 1 2 3,D01203903,4403
478,272,13,전수봉,목 7 8 9,P01101201,4403
479,273,13,김문현,월 1 2 3,D01310701,4403
480,273,13,김문현,월 4 5 6,D01310702,4403
481,273,13,이윤기,화 7 8 9,D01310703,4411
482,274,13,Tae Young Choi,수 7 8 9,D03467501,4404
483,274,13,김대섭,화 1 2 3,D03467502,4419
484,275,13,Tae Young Choi,화 4 5 6,P05312101,4415
485,276,13,오재준,금 4 5 6,P05201101,4402
486,277,13,배주호,수 4 5 6,P05304201,4405
487,278,13,조명환,목 7 8 9,P05311101,2502
488,279,13,한상식,목 1 2 3,D10405701,4403
489,279,13,한상식,목 4 5 6,D10405702,4403
490,279,13,한상식,화 7 8 9,P05410101,4418
491,282,13,Terrill Reid McLain,목 4 5 6,P05202201,4415
492,282,13,Terrill Reid McLain,수 1 2 3,P05101101,4403
493,283,13,Terrill Reid McLain,수 4 5 6,P05101102,4403
494,284,13,이정,월 7 8 9,P05309102,4207
495,285,13,최누리,금 4 5 6,P05307101,4403
496,286,13,이윤기,화 4 5 6,D03204301,4411
497,287,13,배주호,금 10 11 12,P05406201,4403
498,288,13,오재준,금 7 8 9,P05302101,4212
499,289,13,한영진,수 1 2 3,P05103101,4207
500,290,13,김문현,목 10,P05104101,2201
501,291,13,김병초,화 4 5 6,D03455201,4403
502,292,13,정유진,화 3 목 1 2,T04103901,0515
503,292,13,윤일동,화 1 2 목 3,T04103902,5201
504,292,13,정유진,화 1 2 목 3,T04103903,0515
505,292,13,이민나,목 1 2 3,T04103904,5208
506,293,13,MOHSEN ALI MOHSEN ALAWAMI,월 1 2 수 4,T01201501,5208
507,293,13,한희일,수 6 금 6 7,T01201502,5206
508,293,13,김민준,수 2 금 3 4,T01201503,5303
509,294,13,전병환,수 7 8 금 5,T01222201,5402
510,294,13,김아리,월 1 2 3,T01222202,5405
511,295,13,민윤지,수 4 5 6,D01104401,4219
512,295,13,민윤지,수 7 8 9,D01104402,4219
513,296,13,하준삼,화 4 5 6,D01203A01,4219
514,296,13,김학균,월 4 5 6,D01203A02,4417
515,297,13,김용식,수 1 2 3,D01101E01,4415
516,297,13,이천영,목 4 5 6,D01101E02,4411
517,297,13,이천영,목 1 2 3,D01101E03,4411
518,298,13,권태연,수 7 8 9,P01416101,4405
519,299,13,신진호,월 4 5 6,P01206101,4411
520,300,13,백재승,화 7 8 9,P01314101,0102
521,301,13,백재승,화 1 2 3,P01305301,0518
522,301,13,나찬휘,화 4 5 6,P01305302,4417
523,302,13,권태연,목 7 8 9,P01310101,4207
524,303,13,박기봉,월 7 8 9,P01303301,4219
525,304,13,박기봉,수 1 2 3,P01406101,4404
526,305,13,김주완,금 7 8 9,D01405601,4219
527,306,13,장은갑,금 4 5 6,P01364301,4415
528,306,13,장은갑,목 4 5 6,P01364302,4418
529,307,13,장은갑,목 7 8 9,P01204401,4418
530,308,13,민윤지,수 1 2 3,D02207601,4219
531,309,13,나찬휘,화 7 8 9,P01312101,4417
532,310,13,박홍민,월 1 2 3,P01403101,4219
533,310,13,박홍민,월 4 5 6,P01403102,4219
534,311,13,홍진호,월 4 5 6,P01413101,4402
535,312,13,서재웅,목 4 5 6,P01401301,4417
536,312,13,서재웅,목 1 2 3,P01401302,4417
537,313,13,이용웅,화 7 8 9,D01311601,4219
538,313,13,서재웅,금 4 5 6,D01311602,4219
539,313,13,나찬휘,월 7 8 9,D01311603,4402
540,313,13,이용웅,화 1 2 3,D01311604,4219
541,314,13,홍진호,금 1 2 3,P01452401,4219
542,315,13,김용식,목 4 5 6,P01317101,4219
543,316,13,김혜진(H),화 5 6,N07339401,1501
544,317,13,김혜진(H),월 3 4,N08227201,1501
545,318,13,김혜진(H),월 5 6,N08130201,1501
546,319,13,김혜진(P),월 5 6,N08349101,1303
547,320,13,김혜진(P),월 7 8,N08131201,1303
548,321,13,김혜진(P),월 1 2,N08351301,1303
549,322,13,Spas Angelov Rangelov,월 5 6,N08242101,2411
550,323,13,채유정,수 7 8,N08427301,1301
551,324,13,채유정,목 3,N08363101,1501
552,325,13,Spas Angelov Rangelov,수 1 2,N08355401,2509
553,326,13,이하얀,목 5 6,N08439201,2417
554,327,13,이하얀,목 1 2,N08116201,2417
555,328,13,Aristotelis Zografos,화 7 8,N08307301,1501
556,329,13,Lyudmila Atanasova,월 1 2,N08411301,2411
557,330,13,조혜원,목 5 6,N08301401,1304
558,331,13,김혜진(P),수 4 5 6,N08203201,1403
559,332,13,Aristotelis Zografos,수 1 2 3,N08209301,1501
560,333,13,채유정,수 5 6,N08211201,1501
561,334,13,Lyudmila Atanasova,월 3 4 수 3,N08219201,2411
562,335,13,Aristotelis Zografos,화 1 2,N08105101,1501
563,336,13,Aristotelis Zografos,화 3 4,N08107101,1501
564,337,13,Aristotelis Zografos,목 1 2 3,N08103301,2214
565,338,13,채유정,목 4 5 6,N08111301,1501
566,339,13,Spas Angelov Rangelov,화 3 4,N08134101,2509
567,340,13,Lyudmila Atanasova,화 5 6 목 3,N08109201,2411
568,341,13,Spas Angelov Rangelov,화 1 2,N08361201,2509
569,342,13,김혜진(P),월 10,N08128301,1303
570,343,13,한이슬,수 7 8,N08222201,2303-3
571,344,13,BEREJIANI OTAR,화 5 6,N08366101,2310
572,345,13,김혜진(P),수 1 2 3,N08405201,1403
573,346,13,Lyudmila Atanasova,수 1 2,N08331301,2411
574,347,13,배유진,목 5 6,O12211101,2311
575,348,13,배유진,목 1 2,O10133101,1306
576,349,13,James Nyachae Michira,월 3 4,O10317201,2410
577,350,13,박정경,화 5 6,O12204301,1507-1
578,351,13,박정경,화 3 4,O12201301,1507-1
579,352,13,전온리,화 3 4,O12403101,2404-1
580,353,13,James Nyachae Michira,목 3 4,O12203301,2407
581,354,13,James Nyachae Michira,목 7 8,O12202301,2311
582,355,13,James Nyachae Michira,월 7 8,O10122201,2410
583,356,13,최은지,수 7 8,O12302101,1306
584,357,13,전온리,화 1 2,O10315201,2404-1
585,358,13,라승도,화 1 2,A04301401,2309
586,359,13,김수환,화 5 6,A04452401,1312
587,360,13,추석훈,수 5 6,N04203101,1313
588,361,13,최우익,수 7 8,N11211101,1313
589,362,13,손현익,화 5 6,A04213201,1309
590,363,13,Svetlana Shagaeva,월 7 8,A04131201,1313
591,364,13,Svetlana Shagaeva,월 1 2,A04223201,2410
592,364,13,Svetlana Shagaeva,월 5 6,A04223202,1313
593,365,13,추석훈,화 5 6,A04123201,1313
594,366,13,손현익,화 3 4,A04359201,1312
595,367,13,전미라,수 7 8,A04221201,2303
596,368,13,추석훈,화 3 4,A04125401,1313
597,369,13,추석훈,화 1 2,A04129201,1313
598,370,13,추석훈,수 1 2 3,A04215201,1313
599,371,13,Svetlana Shagaeva,금 5 6,A04323201,1313
600,372,13,서유경,금 7 8,A04321201,1301
601,373,13,김민수,화 7 8,A04355201,1313
602,374,13,황성우,월 1 2,A07377201,1313
603,375,13,김수환,화 7 8,A04453401,1312
604,376,13,홍완석,목 1 2,A04457201,1313
605,377,13,라승도,목 3 4,N04402101,1313
606,378,13,김연수,월 5 6,N04401401,2410
607,379,13,안겔레스쿠록사나커털리나,화 3 4,N11371201,1411
608,380,13,이호창,월 1 수 1 2,N11101201,1411
609,381,13,김정환,목 1 2,N11359101,1411
610,382,13,백승남,수 1 2,N11404201,1308
611,383,13,박정오,화 5 6,N11367101,1411
612,384,13,엄태현,목 5 6,N11351101,1411
613,385,13,박정오,화 7 8,N11352201,1411
614,386,13,Cristina Preutu,화 5 6,N11411101,2306
615,387,13,김정환,월 3 4,N11419101,1411
616,388,13,Cristina Preutu,월 1 2,N11303101,2308
617,389,13,이호창,월 3 4,N11382101,2404-1
618,390,13,박정오,,N11109201,
619,391,13,박정오,수 5 6,N11467101,1411
620,392,13,엄태현,목 7 8,N11415101,1411
621,393,13,김정환,월 2 수 3 4,N11102201,1411
622,394,13,한성숙,목 3 4,N11201101,2302
623,395,13,Cristina Preutu,수 1 2,N11106301,2308
624,395,13,Cristina Preutu,수 5 6,N11106302,2402
625,396,13,백승남,목 1 2,N11123101,2303
626,397,13,한성숙,화 3 4,N11105301,2402-1
627,397,13,Cristina Preutu,월 5 6,N11105302,1411
628,398,13,김정환,목 3,N11121101,1411
629,399,13,안겔레스쿠록사나커털리나,화 1 2,N11377101,1411
630,400,13,김장겸,목 3 4,O03315101,1509
631,401,13,Norazlina Mohd Kiram,월 7 8,O03113201,1509
632,402,13,Sonezza Ladyanna,목 1 2,B03381201,1509
633,403,13,변윤행,목 3 4,B03129201,1308
634,404,13,Sony Karsono,목 7 8,O03307101,1509-1
635,405,13,변윤행,목 5 6,O03309201,1307
636,406,13,김장겸,월 3 4,O03405101,1509
637,407,13,최신영,월 1 2,O03407201,2303-3
638,408,13,이주영,금 1 2,O03209101,1509
639,408,13,이주영,금 3 4,O03209102,1509
640,409,13,송승원,월 5 6,O03313101,1312
641,410,13,Sony Karsono,수 5 6,O03204201,1509-1
642,411,13,Sony Karsono,수 1 2,O03415201,1509-1
643,412,13,김장겸,월 5 6,O03203101,1509
644,413,13,송승원,월 7 8,O03417101,1312
645,414,13,양은심에블린,수 5 6,O03412201,1301
646,415,13,Norazlina Mohd Kiram,화 5 6,O03305101,1509-1
647,416,13,송승원,화 5 6,O03107201,1509
648,417,13,Norazlina Mohd Kiram,수 7 8,B03235201,1509
649,418,13,Norazlina Mohd Kiram,월 1 2,O03211101,1509
650,419,13,Sonezza Ladyanna,월 1 2,O03205101,1509-1
651,419,13,Sonezza Ladyanna,월 3 4,O03205102,1509-1
652,420,13,Sonezza Ladyanna,수 3 4,O03213101,1509
653,421,13,Sonezza Ladyanna,수 7 8,O03101201,1509-1
654,422,13,최신영,월 7 8,O03103101,2303-2
655,423,13,Norazlina Mohd Kiram,수 3 4,O03105201,1509-1
656,424,13,김장겸,목 5 6,O03115101,1509
657,425,13,Norazlina Mohd Kiram,화 3 4,O03109101,1509-1
658,426,13,Sonezza Ladyanna,목 7 8,O03111101,1509
659,427,13,양은심에블린,수 3 4,B03383201,1301
660,428,13,김보형,월 7 8 목 7,T10207101,5101
661,429,13,지수연,금 3 4 5,T10401201,5214
662,430,13,우명균,월 5 수 5 6,T10203101,5312
663,431,13,임신원,월 1 2 3,T10201101,5206
664,432,13,우명균,월 6 수 7 8,T10404301,5312
665,433,13,남윤호,월 3 4 목 2,T10402201,5101
666,434,13,고윤희,월 6 수 2 3,T10308101,5206
667,435,13,고윤희,월 2 목 3 4,T10309201,5101
668,436,13,오세홍,수 4 5 금 6,T10313101,5101
669,437,13,오세홍,수 7 8 금 3 4,T10202101,5101
670,438,13,옥승한,월 7 8 9,F08101701,5402
671,439,13,김보형,화 7 8 목 5 6,T01107A01,5206
672,440,13,남윤호,화 3 4 금 2,T10302201,5101
673,441,13,남윤호,금 7 8 9,T10403201,5101
674,442,13,Mariene de Fatima Cordeiro de Queiroga,금 5 6,A07317201,1311
675,443,13,박동원,수 5 6,N07420101,1311
676,444,13,윤택동,월 3 4,N07203101,1311
677,445,13,임경국,월 10 11,N07362101,1311
678,446,13,김인영,화 3 4,N07306201,2308
679,447,13,임경국,목 10 11,N07361101,1311
680,448,13,윤택동,월 7 8,N07310101,1311
681,449,13,윤택동,화 7 8,N07101101,1311
682,450,13,한송이,목 5 6,N07403101,1311
683,451,13,이성준,화 1 2,N07405101,2308
684,452,13,Mariene de Fatima Cordeiro de Queiroga,수 3 4,A07213401,1311
685,453,13,김인영,금 3 4,A07201101,2311
686,454,13,Mariene de Fatima Cordeiro de Queiroga,수 1 2 금 1 2,A07207701,1311
687,455,13,Mariene de Fatima Cordeiro de Queiroga,월 1 2,A07107401,1311
688,456,13,한송이,화 3 4 목 3 4,A07113401,1311
689,457,13,Mariene de Fatima Cordeiro de Queiroga,화 1 2 목 1 2,A07115801,1311
690,458,13,Mariene de Fatima Cordeiro de Queiroga,월 5 6,N07314101,1311
691,459,13,이충목,월 6 화 3 4,D03380201,5310
692,459,13,이충목,월 7 화 5 6,D03380202,5310
693,460,13,선지웅,화 1 2 목 1,T02103101,5403
694,460,13,선지웅,화 5 6 목 4,T02103102,5403
695,461,13,최기석,월 2 3 수 3 (5203),T02201101,5403
696,461,13,윤재욱,월 6 7 수 6,T02201102,5403
697,462,13,김문수,월 4 수 7 8,T02120101,5311
698,462,13,김문수,월 8 9 수 9,T02120102,5311
699,463,13,최기석,수 6 금 2 3,T02141101,5203
700,464,13,이석룡,월 8 화 1 2,T06304201,5310
701,464,13,이석룡,월 9 목 1 2,T06304202,5310
702,465,13,이성룡,수 2 3 목 3,T05101101,5403
703,466,13,이유경,월 4 5 6,T02459101,5203
704,467,13,김문수,월 7 수 4 5,T02260201,5311
705,468,13,Bernardo Nugroho Yahya,월 1 수 1 2,T03202301,5406
706,469,13,Bernardo Nugroho Yahya,목 4 5 6,T05301201,5203
707,470,13,이충목,금 8 9,T05412101,5403
708,471,13,이성룡,수 7 8 9,T05411101,5403
709,472,13,윤재욱,월 5 화 7 8,T02355201,5403
710,473,13,송미령,화 5 6 수 4,F09362101,0207
711,474,13,명희준,목 3 4,F09206101,0604
712,475,13,신경철,월 1 2 수 2,F09354201,0416
713,476,13,이현환,월 5 6 화 7,F09453101,0416
714,477,13,명희준,화 9 10 11 12,F09205101,0416
715,477,13,권혁만,목 9 10 11 12,F09205102,0416
716,478,13,송미령,수 10 11 금 10 11,F09304101,0416
717,479,13,명희준,화 6 목 7 8,F09405201,0416
718,480,13,송미령,월 10 11 12,F09484201,0416
719,481,13,이기원,수 7 8,F09403201,0416
720,482,13,장태용,수 7 8 9,F09361201,0209
721,483,13,이기원,월 5 6 목 5 (0214),F09212101,0209
722,484,13,권혁만,수 5 6,F09409101,0416
723,485,13,조기성,화 5 6 목 6,F09201101,0403
724,485,13,신경철,화 5 6 목 6,F09201102,0311
725,486,13,박중찬,화 2 목 2 3,F08101801,0416
726,486,13,이기원,화 2 목 2 3,F08101802,0207
727,486,13,남인영,화 3 4 목 1,F08101803,0416
728,487,13,박중찬,화 8 목 5 6,F09406101,0416
729,488,13,김광수,목 7 8,O13408101,1306
730,489,13,김학수,월 7 8,O13404101,2404
731,490,13,장용규,화 5 6,O13213101,1306
732,491,13,장태상,수 5 6,O13403101,1306
733,492,13,장태상,목 5 6,O13301101,2512
734,493,13,김학수,월 5 6,O13202201,2404
735,494,13,장태상,화 3 4,O13201201,1403
736,495,13,윤서영,금 3 4,O13205101,2312-1
737,496,13,김학수,수 1 2,O13206101,2312-1
738,497,13,김학수,수 3 4,O13214101,2312-1
739,498,13,백영연,목 3 4,O13215101,2410
740,499,13,Marina Biti,목 7 8,N14307301,1513
741,500,13,김철민,금 3 4,N14486101,1403
742,501,13,Dusanka Vujovic,수 5 6,N14411201,2407-1
743,502,13,Marina Biti,월 3 4,N14407201,2407
744,503,13,전영선,화 1 2,N14207301,1513
745,503,13,전영선,화 5 6,N14207302,1513
746,504,13,권혁재,수 1 2,N14119401,1513
747,504,13,권혁재,수 5 6,N14119402,1513
748,505,13,전영선,목 3,N14139301,2309
749,505,13,전영선,목 4,N14139302,2309
750,506,13,백종필,월 3,N14243301,1513
751,506,13,백종필,월 4,N14243302,1513
752,507,13,Dusanka Vujovic,월 7 화 3 4,N14111401,2407
753,507,13,Dusanka Vujovic,월 8 화 7 8,N14111402,2407
754,508,13,김상헌,목 1 2,N14128101,1513
755,508,13,김상헌,목 5 6,N14128102,1513
756,509,13,백종필,월 5 6,N14319201,1513
757,510,13,김상헌,월 1 2,N14371301,1513
758,511,13,김상헌,화 3 4,N14313101,1513
759,512,13,권혁재,목 3 4,N14405101,1513
760,513,13,김철민,금 5 6,N14367201,1513
761,514,13,김철민,월 5 6,N14112101,2412
762,515,13,권혁재,수 3 4,N14410201,1505-1
763,516,13,Marina Biti,월 1 수 3 4 (1513),N14213401,2407
764,516,13,Marina Biti,월 2 수 7 8 (1507-1),N14213402,2407
765,517,13,권혁재,금 1 2,N14132101,1513
766,517,13,권혁재,금 3 4,N14132102,1513
767,518,13,김철민,목 5 6,N14237101,1309
768,519,13,장재덕,월 5 목 1 2,F01364101,3310
769,520,13,송현정,월 5 6 목 5 (0301),F01358201,0214
770,521,13,정미연,수 7 금 1 2,F01204101,3112
771,522,13,송현정,화 3 목 1 2,F05105501,0517
772,522,13,송현정,화 1 2 목 3,F05105502,0517
773,523,13,윤기현,화 1 2 목 1 2,U61601401,3112
774,523,13,최영수,화 1 2 목 1 2,U61601402,3311
775,524,13,곽민석,월 2 수 3 4,F01476101,0515
776,525,13,정성은,수 1 2 목 3,F01300101,3112
777,526,13,신동화,월 7 8 금 7 8,F01257201,3311
778,527,13,최영수,화 5 6 목 3,F01474101,3310
779,528,13,윤기현,화 3 목 5 6,F01313101,3311
780,529,13,신동화,화 7 8 목 7,F01307201,3311
781,530,13,곽민석,월 7 8 화 5 6,F01119501,0604
782,531,13,최영수,수 4 5 6,F01311201,3310
783,532,13,장재덕,월 1 2 수 1 2,F01201301,3311
784,533,13,신동화,수 6 금 1 2,F01304101,3311
785,534,13,정선유,수 7 8,N05209201,2415
786,534,13,김윤경,수 7 8,N05209202,2310
787,534,13,남진희,수 7 8,N05209203,2403-1
788,534,13,황순양,수 7 8,N05209204,2509-1
789,534,13,박영미,수 7 8,N05209205,2508
790,535,13,Jaime Aguilo Pastrana,목 1 2,N05211101,1503-1
791,535,13,Pedro Pombo Novo,목 1 2,N05211102,1503
792,535,13,Jaime Aguilo Pastrana,금 1 2,N05211103,1503-1
793,535,13,Pedro Pombo Novo,금 1 2,N05211104,1507
794,536,13,신정환,화 1 2,N05109101,1302
795,536,13,전용갑,화 1 2,N05109102,1309
796,537,13,이만희,수 5 6,A05221101,1312
797,537,13,서주희,수 5 6,A05221102,2507
798,537,13,남진희,수 5 6,A05221103,2403-1
799,537,13,심주영,수 5 6,A05221104,2305
800,537,13,이원영,수 5 6,A05221105,2415
801,537,13,황순양,수 5 6,A05221106,2509-1
802,538,13,유은정,금 5 6,A05207101,1503
803,538,13,김준한,금 5 6,A05207102,1503-1
804,538,13,유은정,화 5 6,A05207103,1507
805,538,13,정원석,금 5 6,A05207104,1303
806,538,13,유은정,화 3 4,A05207105,1507
807,539,13,강필운,수 1 2,N05207201,2508-1
808,539,13,정선유,수 1 2,N05207202,2509-1
809,539,13,남진희,수 1 2,N05207203,2404-1
810,539,13,이원영,수 1 2,N05207204,2415
811,539,13,박영미,수 1 2,N05207205,2508
812,540,13,김광희,월 3 4,A05232201,2508-1
813,540,13,김승기,월 3 4,A05232202,2507
814,540,13,이미경,월 3 4,A05232203,2311
815,540,13,전혜찬,월 3 4,A05232204,2409
816,541,13,Jaime Aguilo Pastrana,목 3 4,A05205201,1503-1
817,541,13,Pedro Pombo Novo,목 3 4,A05205202,1503
818,541,13,Carlos Alfonso Macias Valadez Elias,금 3 4,A05205203,1503
819,542,13,신정환,목 3 4,A05103101,1309
820,542,13,이만희,목 3 4,A05103102,1303
821,542,13,전용갑,목 3 4,A05103103,1302
822,543,13,양승관,월 4 5 6,A05109501,2305
823,543,13,유은정,월 4 5 6,A05109502,1503-1
824,543,13,김준한,월 4 5 6,A05109503,1503
825,544,13,김승기,월 1 2,N05107301,2507
826,544,13,김우정,화 3 4,N05107302,2507
827,544,13,최윤진,화 3 4,N05107303,2508
828,545,13,김우정,화 5 6,A05107101,2507
829,545,13,강필운,화 5 6,A05107102,2509
830,545,13,최윤진,화 5 6,A05107103,2508
831,546,13,Carlos Alfonso Macias Valadez Elias,화 3 4,A05117201,1503
832,546,13,Elizabeth Castro Sandoval,금 3 4,A05117202,1409
833,546,13,Pedro Pombo Novo,수 3 4,A05117203,1503-1
834,546,13,Elizabeth Castro Sandoval,금 1 2,A05117205,1409
835,547,13,장태상,목 7 8,O10232201,2501
836,548,13,박정경,수 1 2,O10399101,1306
837,549,13,김계리,목 5 6,O10156301,2401
838,550,13,권명식,화 3 4,O10142101,2305
839,551,13,김계리,목 3 4,O10397101,2413
840,552,13,장용규,수 3 4,O10201201,2501
841,553,13,황규득,화 5 6,O10157101,2504
842,554,13,신경순,화 1 2 3,R07412101,4210
843,555,13,전종섭,화 7 8 9,R07351101,4210
844,556,13,이해윤,수 4 5 6,U61101301,4212
845,557,13,송재목,월 7 8 9,R07161101,4210
846,557,13,이한나,목 1 2 3,R07161102,4210
847,557,13,차준경,금 1 2 3,R07161103,4210
848,558,13,전종섭,목 4 5 6,R07362101,4210
849,559,13,박나영,금 4 5 6,R07215101,4210
850,560,13,남지순,화 4 5 6,R03301101,4210
851,561,13,고승희,월 4 5 6,R07315301,1309
852,562,13,강범일,월 4 5 6,R07418101,4405
853,563,13,채희락,수 1 2 3,R03207301,4210
854,564,13,송재목,수 7 8 9,R03203101,4210
855,565,13,김신규,목 5 6,N16323101,2509-1
856,566,13,Olena Shchegel,수 3 4,N16327101,1507
857,567,13,Olena Shchegel,월 5 6,N16115101,1310
858,568,13,Olena Shchegel,월 3 4,N16209101,1310
859,569,13,Kateryna Tanchyn,화 1 2,N16311201,1310
860,570,13,홍석우,금 1 2,N16415101,1310
861,571,13,홍석우,화 5 6,N16101101,1310
862,572,13,홍석우,화 3 4,N16417301,1310
863,573,13,홍석우,금 3 4,N16419101,1310
864,574,13,홍석우,,N16118101,
865,575,13,Kateryna Tanchyn,수 1 2 3,N16203201,1310
866,576,13,Kateryna Tanchyn,월 1 2,N16201101,1310
867,577,13,Olena Shchegel,화 7 8,N16107101,1310
868,578,13,Olena Shchegel,목 3 4,N16103101,1310
869,579,13,Kateryna Tanchyn,목 1 2,N16301301,1310
870,580,13,Olena Shchegel,화 5 6,N16303201,1302
871,581,13,홍석우,금 5 6,N16307101,1310
872,582,13,Kateryna Tanchyn,수 5 6,N16313201,1310
873,583,13,엄태현,월 5 6,N16325101,2306
874,584,13,주효숙,화 3 4,N06405101,1504-1
875,585,13,이상엽,화 5 6 목 5 6,N06311301,1403
876,586,13,이승수,화 3 4,N06215101,1504
877,586,13,김효정,화 5 6,N06215102,1504-1
878,587,13,이현경,수 1 2,N06317101,1504
879,588,13,이소영,목 3 4,N06301301,1504-1
880,589,13,Mosca Rossella,수 5 6,N06403101,1504
881,590,13,이상엽,목 7 8 9,N06107301,1403
882,591,13,이소영,목 1 2,N06319101,1504-1
883,592,13,이선필,목 1 2,A06308401,2305
884,593,13,이선필,목 3 4,N06322101,2305
885,594,13,주효숙,화 1 2,N06217101,1504-1
886,595,13,이선필,수 7 8,N06113201,2305
887,596,13,Mosca Rossella,수 3 4,N06207101,1504
888,597,13,Turato Laura,금 1 2,N06203101,1504
889,597,13,Turato Laura,금 3 4,N06203102,1504
890,598,13,Turato Laura,월 1 2,N06209101,1504
891,598,13,Turato Laura,월 5 6,N06209102,1504
892,599,13,이승수,월 3 4,N06205101,1504
893,599,13,김효정,월 5 6,N06205102,1504-1
894,600,13,주효숙,월 3 4,N06103201,1504-1
895,601,13,이상엽,화 1 2,N06109101,1305
896,602,13,김효정,화 1 2,N06111201,1507-1
897,603,13,윤혜신,수 5 6,N06105101,1504-1
898,604,13,이상엽,화 7 8,A06401101,1305
899,605,13,이지현,수 7 8,O07405101,2404
900,606,13,Gyan Prakash,금 3 4,B07454301,1307
901,607,13,김미수,월 5 6,B07463201,1307
902,608,13,신민하,목 5 6,B07117201,2508-1
903,609,13,이춘호,수 3 4,B07373201,1307
904,610,13,강명남,월 5 6,O07203101,2307
905,611,13,신민하,목 3 4,B07371201,2508-1
906,612,13,강명남,월 3 4,B07441201,2307
907,613,13,이지현,수 5 6,B07303201,2404
908,614,13,Gyan Prakash,금 1 2,B07108101,1307
909,615,13,이지현,수 3 4,B07102401,2404
910,616,13,이은구,화 3 4 목 3 4,B07100601,1307
911,617,13,이동원,월 3 4,O07370101,1307
912,618,13,고태진,수 7 8,B07363601,1307
913,619,13,김용정,수 5 6,O07402101,1307
914,620,13,황윤실,월 1 2,B02129101,1307
915,620,13,Takahashi Miho,화 1 2,O02107101,1506-1
916,621,13,Seraku Tohru,화 1 2,O02107102,1506
917,622,13,황윤실,월 3 4,O02301101,1506
918,623,13,Seraku Tohru,화 5 6,B02371201,1506-1
919,623,13,Takahashi Miho,목 3 4,B02371202,1506-1
920,623,13,Takahashi Miho,목 5 6,B02371203,1506-1
921,623,13,Seraku Tohru,목 5 6,B02371204,1507-1
922,623,13,Seraku Tohru,수 3 4,B02371205,1507-1
923,624,13,이선화,금 5 6,O02303101,1401
924,625,13,이선화,금 7 8,O02401101,1401
925,626,13,이상민,목 5 6,B02455201,1314
926,627,13,서재곤,월 7 8,B02353201,1302
927,628,13,이상민,목 1 2,O02111101,1307
928,629,13,이상민,수 1 2,O02101101,1307
929,630,13,박민영,화 3 4,O02202101,1302
930,631,13,이상민,화 3 4,O02103101,2410
931,632,13,최서영,수 7 8,O02105101,1513
932,633,13,Seraku Tohru,수 5 6,O02463101,1507-1
933,634,13,서재곤,월 3 4,O02467101,1305
934,635,13,이정옥,목 7 8,B02451201,1309
935,636,13,이상민,수 3 4,B02114101,1506
936,636,13,은수희,화 7 8,B02114102,1506-1
937,637,13,박성미,수 1 2,B02116201,2303-2
938,637,13,김수진,월 5 6,B02116202,1506
939,638,13,권경애,수 3 4,B02456101,1303
940,639,13,이선화,금 3 4,O02203101,1401
941,640,13,박민영,수 1 2,B02373201,1302
942,641,13,이상민,화 5 6,O02451101,1307
943,642,13,정세진,수 3 4,O02206101,2311
944,642,13,최서영,수 5 6,O02206102,1506
945,643,13,Takahashi Miho,수 3 4,B02211301,1506-1
946,643,13,Takahashi Miho,수 5 6,B02211302,1506-1
947,643,13,Takahashi Miho,화 3 4,B02211303,1506-1
948,644,13,박민영,수 3 4,O02210101,1302
949,644,13,안지홍,목 3 4,O02210102,1403
950,645,13,동소현,화 1 2,B02391201,2306
951,645,13,동소현,화 3 4,B02391202,2306
952,646,13,이정훈,월 9 수 5 6,T04351201,5208
953,647,13,김동식,금 7 8 9,T03217101,5212
954,647,13,정동근,금 7 8 9,T03217102,5314
955,648,13,김동식,월 3 목 3 4,T03457201,5311
956,649,13,Shin Hwan Hwang,화 5 6 목 5 6,T01203301,5314
957,650,13,조경순,월 3 수 3 4,T03202101,5303
958,651,13,김동식,월 5 6 금 6,T03113201,5311
959,652,13,김동식,수 7 8 9,T03307101,5206
960,653,13,우명균,월 7 8 수 9 (5402),F02314201,5206
961,654,13,박영철,월 7 8 화 8 9,T03309201,5314
962,655,13,정동근,월 9 목 7 8,T03381101,5312
963,656,13,조경순,월 5 6 화 7,T03459101,5303
964,657,13,박영철,월 4 5 6,T03472101,5212
965,658,13,정성호,월 1 2 3,T04478101,5213
966,659,13,이순용,월 7 8 9,T04343201,5213
967,660,13,김세화,수 4 5 6,T04452101,5301
968,661,13,한희일,화 6 7 목 6,T04482101,5213
969,662,13,김세화,화 2 3 목 5,F05354301,5312
970,663,13,박상원,수 1 2 3,V44303201,5208
971,664,13,김세화,수 9 10,T04456201,5213
972,665,13,손경락,월 6 목 7 8,T04357101,5213
973,666,13,HASAN KAMRUL,월 4 수 1 2,T04471401,5301
974,667,13,한희일,수 7 8 금 8,T04105101,5213
975,668,13,손경락,월 4 금 2 3,T04207101,5206
976,669,13,김세화,화 5 목 2 3,T04345201,5301
977,670,13,장수현,목 3 4,O01418101,2509
978,671,13,임미나,목 5 6,O01317101,1511
979,672,13,Zhang Bin,수 1 2,O01307101,1505
980,672,13,Zhang Bin,수 3 4,O01307102,1505
981,672,13,Zhang Bin,목 1 2,O01307103,2312-1
982,672,13,Zhang Bin,목 3 4,O01307104,2312-1
983,672,13,김윤영,목 3 4,O01307105,2403
984,673,13,공유식,수 1 2,O01411201,2307
985,674,13,이명정,화 1 2,O01413101,2303-3
986,674,13,이명정,화 3 4,O01413102,2303-3
987,675,13,남종호,월 7 8,O01305101,1309
988,675,13,남종호,화 7 8,O01305102,1309
989,676,13,정태요,화 5 6,O01323101,2409
990,677,13,남종호,화 9 10,O01208101,1309
991,678,13,윤혜지,수 7 8,B01209101,2403
992,679,13,안영은,화 3 4,O01303201,1505-1
993,679,13,이정인,금 3 4,O01303202,1505-1
994,680,13,정태요,화 3 4,O01210101,2409
995,681,13,홍병혜,목 7 8,B01405401,2303-3
996,681,13,이은주,월 7 8,B01405402,2404-1
997,682,13,정호준,월 7 8,B01109401,2509
998,682,13,홍병혜,월 3 4,B01109402,1505-1
999,683,13,안연진,월 3 4,B01203701,2407-1
1000,683,13,박창수,월 3 4,B01203702,1505
1001,684,13,이나현,수 3 4,O01213101,1401
1002,684,13,이나현,수 5 6,O01213102,1401
1003,685,13,한정은,월 3 4,O01321101,1401
1004,685,13,한정은,월 5 6,O01321102,1401
1005,685,13,한정은,월 7 8,O01321103,1401
1006,686,13,Zhang Bin,화 5 6,O01124101,1505
1007,686,13,Zhang Bin,목 7 8,O01124102,1505-1
1008,686,13,박창수,목 5 6,O01124103,1505
1009,687,13,최재영,목 7 8,B01373201,1307
1010,688,13,문승용,목 3 4,O01123101,2404-1
1011,688,13,문승용,목 5 6,O01123102,2404-1
1012,689,13,정태요,금 5 6,O01206201,1505
1013,689,13,전세영,금 3 4,O01206202,2509
1014,690,13,윤혜지,월 5 6 수 5 6,B01201501,2403
1015,690,13,이은주,월 5 6 수 5 6,B01201502,2404-1
1016,690,13,정호준,월 5 6 수 5 6,B01201503,2509
1017,691,13,Zhang Bin,화 3 4,O01201201,1505
1018,691,13,Zhang Bin,금 1 2,O01201202,1505
1019,691,13,Zhang Bin,금 3 4,O01201203,1505
1020,691,13,김윤영,금 3 4,O01201204,2509-1
1021,692,13,임미나,월 5 6 목 3 4,O01111401,1505-1
1022,692,13,배경진,월 5 6 목 3 4,O01111402,2509-1
1023,692,13,박창수,월 5 6 목 3 4,O01111403,1505
1024,693,13,전세영,화 3 4,O01324101,2312-1
1025,694,13,전세영,수 3 4,O01313201,2413
1026,695,13,김윤영,목 5 6,O01301501,2403
1027,696,13,이승일,목 7 8 9,R04396101,4216
1028,697,13,이승일,금 4 5 6,V31201101,4419
1029,698,13,한우섭,금 4 5 6,R04101101,4216
1030,699,13,김신,월 4 5 6,V42457101,4404
1031,700,13,송석랑,월 7 8 9,R04202101,4404-1
1032,701,13,윤성우,월 4 5 6,R01311101,4216
1033,702,13,박치완,수 4 5 6,R01322101,4216
1034,703,13,김원명,월 7 8 9,R04102101,4419
1035,704,13,홍성민,화 7 8 9,R01210101,4216
1036,705,13,홍성민,화 4 5 6,V42476101,4216
1037,706,13,박치완,월 4 5 6,R04103101,4419
1038,707,13,김원명,수 7 8 9,R04390101,4216
1039,708,13,윤성우,월 1 2 3,V42477101,4216
1040,709,13,신현주,수 4 5 6,R01423101,4411
1041,710,13,소병선,목 4 5 6,R01204101,4216
1042,711,13,Darina Ivanovova,화 3 4,N12471201,1514
1043,712,13,Darina Ivanovova,목 1 2,N12442101,1514
1044,713,13,Terezia Kulikova,화 1 2,N12349201,1514
1045,714,13,Terezia Kulikova,목 5 6,N12401301,1514
1046,715,13,Terezia Kulikova,수 1 2,N12437101,2303-3
1047,716,13,Terezia Kulikova,금 5 6,N12402301,1514
1048,717,13,Darina Ivanovova,수 1 2,N12225301,1514
1049,717,13,Darina Ivanovova,수 3 4,N12225302,1514
1050,718,13,Darina Ivanovova,월 3 4,N12227201,1514
1051,719,13,PARK LUCIE,금 1 2,N12205201,1514
1052,719,13,PARK LUCIE,금 3 4,N12205202,1514
1053,720,13,송순섭,수 3 4,N12304101,0309
1054,721,13,양준석,월 7 8,N12307101,2311
1055,722,13,양준석,월 5 6,N12474101,2311
1056,723,13,송순섭,수 5 6,N12219101,0309
1057,724,13,유선비,화 5 6,N12353101,1514
1058,725,13,박민영,목 5 6,N12303301,2509
1059,726,13,Darina Ivanovova,월 1,N12107101,1514
1060,726,13,Darina Ivanovova,월 2,N12107102,1514
1061,727,13,유선비,화 7 8 9,N12309201,1514
1062,728,13,유선비,목 7 8,N12124201,1514
1063,729,13,박민영,화 1 2 목 1,N12121201,2307
1064,729,13,박민영,화 3 4 목 2,N12121202,2307
1065,730,13,유선비,월 5 6,N12119201,1514
1066,730,13,유선비,월 7 8,N12119202,1514
1067,731,13,PARK LUCIE,화 5 6,N12115201,2303-3
1068,731,13,PARK LUCIE,화 7 8,N12115202,2303-3
1069,732,13,Darina Ivanovova,목 3 4,N12305101,1514
1070,733,13,김상철,월 3 4 수 5,T01402201,5402
1071,734,13,공준욱,금 7 8 9,T01413101,5310
1072,735,13,정대인,수 1 2 금 3,T05306201,5201
1073,735,13,이재혁,수 1 2 금 3,T05306202,5309
1074,735,13,이재혁,수 3 금 1 2,T05306203,5309
1075,736,13,손기락,화 7 목 7 8,T01312101,5309
1076,737,13,손기락,월 1 2 수 4,T05402201,5309
1077,738,13,정대인,화 8 9 목 6,T04351601,5201
1078,739,13,윤일동,월 7 8 목 4,T01301601,5201
1079,740,13,김승욱,금 7 8 9,T01416101,5309
1080,741,13,최재영,수 3 금 5 6,T01408101,5207
1081,742,13,전병환,화 5 6 목 5,T05479201,5208
1082,743,13,장익범,수 6 금 1 2,T01414101,5310
1083,744,13,김재빈,화 3 목 1 2,V44354401,5405
1084,744,13,김재빈,화 1 2 목 3,V44354402,5405
1085,745,13,Walid Abdullah Al,수 3 금 1 2,T03203301,5402
1086,745,13,박종혁,수 3 금 1 2,T03203302,5201
1087,745,13,Walid Abdullah Al,수 1 2 금 3,T03203303,5402
1088,746,13,김낙현,수 6 금 7 8,T01209301,5201
1089,747,13,김성복,월 3 4 수 5,F02314301,5201
1090,748,13,두일철,수 7 8 9,F05401301,5208
1091,748,13,오세종,수 7 8 9,F05401302,5207
1092,749,13,박종혁,화 1 2 목 3,V44301601,5206
1093,749,13,박종혁,화 3 목 1 2,V44301602,5206
1094,750,13,김상철,월 5 6 목 9,F05462301,5402
1095,751,13,김낙현,수 1 2 금 3,T01412101,5207
1096,752,13,박정윤,월 1 2 수 4,F05301201,5207
1097,752,13,박정윤,월 3 4 수 5,F05301202,5207
1098,753,13,MOHSEN ALI MOHSEN ALAWAMI,월 3 4 수 5,T05476301,5308
1099,754,13,이병도,수 7 8,O05403101,1510
1100,755,13,Wirat Siriwatananawin,목 1 2,B05303101,1510-1
1101,756,13,김수은,화 3 4,O05307101,1510
1102,757,13,이정윤,화 5 6,O05109101,1510
1103,758,13,Wirat Siriwatananawin,월 3 4,O05113101,1510
1104,759,13,정위파펀,목 3 4,O05301101,1510-1
1105,760,13,Larprungrueng Soontaree,목 7 8,O05405101,1510-1
1106,761,13,이준표,월 3 4,B05395101,1510-1
1107,762,13,이정윤,화 1 2,O05305101,1510-1
1108,763,13,Wirat Siriwatananawin,수 3 4,O05303101,1510
1109,764,13,Larprungrueng Soontaree,목 3 4,B05131201,1510
1110,765,13,박경은,수 3 4,B05106201,1510-1
1111,766,13,이병도,수 5 6,O05203101,1510
1112,767,13,Wirat Siriwatananawin,수 1 2,B05302401,1510
1113,768,13,이정윤,목 1 2,O05205101,2507
1114,769,13,Larprungrueng Soontaree,화 3 4,B05127201,1510-1
1115,770,13,박경은,수 5 6,O05111201,1510-1
1116,771,13,Wirat Siriwatananawin,수 7 8,B05301301,1510-1
1117,772,13,Wirat Siriwatananawin,목 5 6,O05207101,1510
1118,773,13,Wirat Siriwatananawin,월 7 8,B05319101,1510
1119,774,13,정위파펀,목 5 6,O05407101,1510-1
1120,775,13,Larprungrueng Soontaree,화 5 6,B05389101,1510-1
1121,776,13,이병도,화 1 2,B05109201,1510
1122,777,13,Larprungrueng Soontaree,화 7 8,O05402201,1510-1
1123,778,13,전혜진,목 5 6,B05385201,1507
1124,779,13,최대우,월 7 8 금 3 4,F10402101,0212
1125,780,13,이석호,월 1 2 수 1 2,F10308101,0302
1126,781,13,이현주,화 7 8 목 5 6,F10357101,0516
1127,782,13,강기훈,화 3 4 목 2,F01459101,0302
1128,782,13,이석호,화 3 4 목 2,F01459102,0301
1129,783,13,강기훈,목 3 4,F10380101,0302
1130,783,13,이석호,목 3 4,F10380102,0301
1131,784,13,신기일,월 3 4 수 3 4,F10301101,0302
1132,785,13,박흥선,화 5 6 목 7 8 (0302),F10307101,5406
1133,786,13,최대우,월 1 금 5 6,F10260101,0214
1134,787,13,신기일,월 5 6,F10415201,0302
1135,788,13,이현주,월 2 수 3 4,F10272201,0209
1136,789,13,이현주,수 5 6,F10252201,0212
1137,790,13,정석오,수 1 2 금 1 2,F10472101,0212
1138,791,13,최대우,화 7 8 목 1,F10106101,0214
1139,792,13,강기훈,월 5 6 목 5 6 (0302),Y81111101,5405
1140,792,13,이태욱,월 5 6 목 5 6 (0207),Y81111102,0212
1141,793,13,박흥선,수 1 2 금 1,F10209101,0209
1142,794,13,박흥선,금 2 3,F10213101,0209
1143,795,13,김지영,금 3 4,N10201101,1314
1144,796,13,김지영,금 5 6,N10201102,1314
1145,797,13,Kang-Bogusz Beata,화 3 4,N10455201,1509
1146,798,13,고승희,월 7 8,N10314101,1314
1147,799,13,Kinga Groszewska,수 7 8,N10465101,1303
1148,800,13,이옥진,수 5 6,N10203201,1314
1149,800,13,이옥진,수 7 8,N10203202,1314
1150,800,13,김지영,화 1 2,N10111201,1314
1151,800,13,김지영,화 3 4,N10111202,1314
1152,801,13,STARNOWSKI MARCIN TADEUSZ,월 1,N10129201,1314
1153,801,13,STARNOWSKI MARCIN TADEUSZ,월 2,N10129202,1314
1154,802,13,STARNOWSKI MARCIN TADEUSZ,월 3 4,N10213101,1303
1155,803,13,Kang-Bogusz Beata,월 3 4,N10107301,1314
1156,803,13,Kang-Bogusz Beata,월 5 6,N10107302,1314
1157,804,13,고승희,목 1 2,N10127201,1314
1158,804,13,고승희,목 3 4,N10127202,1314
1159,805,13,Kinga Groszewska,수 1 2,N10108301,1314
1160,805,13,Kinga Groszewska,수 3 4,N10108302,1314
1161,806,13,김종석,월 1 2,N10211301,1302
1162,806,13,김종석,월 3 4,N10211302,1302
1163,807,13,Kinga Groszewska,화 5 6,N10379101,1314
1164,808,13,STARNOWSKI MARCIN TADEUSZ,목 5 6,N10214101,1409-1
1165,809,13,김종석,수 1 2 3,N10441101,1309
1166,810,13,이옥진,목 5 6,N10133101,1206
1167,811,13,최용호,화 1 2,N02414101,1308
1168,812,13,김모세,수 3 4 금 3,A02215301,1308
1169,813,13,Severine Stoeckle,월 5 6 수 5 6,A02217901,2508-1
1170,813,13,Severine Stoeckle,월 7 8 금 5 6,A02217902,2508-1
1171,814,13,김모세,월 7 8 목 7 8,A02147701,1308
1172,815,13,Jean-Baptiste Causse,월 1 2 목 3 4,A02149901,2415
1173,815,13,Jean-Baptiste Causse,월 3 4 목 1 2,A02149902,2415
1174,816,13,김응운,수 5 6,N02401101,1303
1175,817,13,신정아,목 5 6,N02101101,1303
1176,818,13,신정아,화 3 4,A02320101,1309
1177,819,13,최용호,월 1 2,N02313101,1308
1178,820,13,김모세,월 3 4,N02105101,1308
1179,821,13,Jean-Baptiste Causse,월 5 6,N02307101,2415
1180,821,13,Severine Stoeckle,목 5 6,N02307102,2306
1181,821,13,Severine Stoeckle,목 7 8,N02307103,2306
1182,822,13,이향,화 7 8,A02213301,1303
1183,823,13,이향,수 7 8,N02314101,1308
1184,824,13,권서원,화 5 6,N02306101,1308
1185,825,13,신정아,목 1 2,N02301101,1308
1186,826,13,김응운,화 7 8,N02103101,1308
1187,827,13,김응운,화 3 4,N02202201,1308
1188,828,13,김모세,목 5 6,N02117301,1308
1189,829,13,김모세,수 5 6,N02311101,1308
1190,830,13,최현희,수 1 2 3,O15311101,1409-2
1191,831,13,유현정,금 1 2 3,O15125101,2313
1192,832,13,이수정,금 7 8 9,O15144101,1303
1193,833,13,Lee Joo Young,금 4 5 6,O15303101,1409-2
1194,834,13,최현희,월 10,O15158201,1409-2
1195,835,13,Lee Joo Young,수 4 5 6,O15120101,1409-2
1196,836,13,유현정,금 4 5 6,O15304101,2313
1197,837,13,이수정,목 4 5 6,O15310101,2506
1198,838,13,이수정,목 1 2 3,O15203101,2506
1199,839,13,김태우,수 7 8,O15212101,1409-2
1200,840,13,김태우,수 10,O15404201,1409-2
1201,841,13,황지현,화 4 5 6,O15152101,1409-2
1202,842,13,김태우,월 7 8 9,O15101201,2504
1203,843,13,황지현,화 7 8 9,O15207101,1409-2
1204,844,13,최현희,화 1 2 3,O15128101,1409-2
1205,845,13,Lee Joo Young,월 4 5 6,O15133101,2506
1206,846,13,김태우,화 4 5 6,O15127101,2506
1207,847,13,Borsos Levente,수 3 4,N13318101,1512
1208,848,13,Borsos Levente,수 1 2,N13307201,1512
1209,849,13,송은지,수 5 6,N13327101,2409
1210,850,13,김신형,월 7 8 목 5,N13104201,1512
1211,850,13,김신형,월 3 4 목 6,N13104202,1512
1212,851,13,유진일,화 3 4,N13201101,1303
1213,851,13,이상동,화 7 8,N13201102,2303-2
1214,852,13,Borsos Levente,목 1 2,N13106201,1512
1215,852,13,Borsos Levente,목 3 4,N13106202,1512
1216,853,13,Borsos Levente,월 1 2,N13121201,1512
1217,853,13,Borsos Levente,월 5 6,N13121202,1512
1218,854,13,이상동,월 4 수 1 2,N13103101,2306
1219,854,13,이상동,월 3 수 3 4,N13103102,2306
1220,855,13,한경민,화 3 4,N13123101,1512
1221,855,13,한경민,화 1 2,N13123102,1512
1222,856,13,BULYAKI ILDIKO AGNES,금 1 2,N13105201,1512
1223,856,13,BULYAKI ILDIKO AGNES,금 3 4,N13105202,1512
1224,857,13,유진일,화 5 6,N13110201,2417
1225,858,13,한경민,수 7 8,N13365201,1512
1226,859,13,송은지,수 7 8,N13203101,2409
1227,860,13,문승남,화 5 6,N13205101,1512
1228,861,13,문승남,화 7 8,N13482101,1512
1229,862,13,Borsos Levente,목 7 8,N13325101,1512
1230,863,13,오정욱,월 3 4 수 6,F03320101,0402
1231,864,13,김용애,화 2 수 5 6,F03406101,3411
1232,865,13,박진균,월 5 금 5 6,F03402101,0402
1233,866,13,은창선,월 7 목 4 5,F03302101,5207
1234,867,13,은창선,화 6 7 8,F03304101,3413
1235,867,13,은창선,목 6 7 8,F03304102,3413
1236,868,13,오정욱,월 6 수 3 4,F03206101,0516
1237,869,13,김해조,화 1 목 1 2,F03480101,0402
1238,870,13,김용애,화 3 4 수 7,F09361101,0516
1239,871,13,김용애,화 9 10 11,F03319101,3411
1240,872,13,하현준,월 5 화 1 2,F03214101,0301
1241,872,13,김해조,화 2 수 1 2,F03214102,0402
1242,873,13,하현준,수 5 6 7 8,F03200101,3511
1243,873,13,김해조,금 5 6 7 8,F03200102,3511
1244,874,13,하현준,월 7 8 화 4,F03453101,3112
1245,875,13,김연규,화 3 4 목 1 2 ,F02005101,0402
1246,875,13,박진균,화 3 4 목 1 2 ,F02005102,3411
1247,875,13,김보정,월 1 2 수 3 4,F02005103,3411
1248,875,13,김보정,월 3 4 수 1 2,F02005104,3411
1249,876,13,은창선,월 3 4 목 2,F03405101,0508
1250,877,13,오정욱,금 3 4,F03367101,3411
1251,878,13,이정아,월 4 5 6,N01412101,2303-2
1252,879,13,김광섭,수 4 5 6,N01386101,1410
1253,880,13,박수진,수 1 2 3,A01398402,1410
1254,881,13,홍성훈,화 1 2 3,N01387101,1410
1255,882,13,김지현,화 4 5 6,N01347101,0509
1256,882,13,차은애,목 7 8 9,N01347102,2302
1257,883,13,이정아,월 1 2 3,N01398101,2303-2
1258,884,13,이정아,화 7 8 9,N01205201,1402
1259,885,13,최호성,목 1 2,N01308101,1403
1260,886,13,Ben Katoka,화 1 2,O14412101,2404
1261,887,13,Ben Katoka,화 5 6,O14315101,2404
1262,888,13,윤서영,목 3 4,O14301101,1306
1263,889,13,김광수,목 5 6,O14311101,1306
1264,890,13,황규득,월 7 8,O14306201,1306
1265,891,13,황규득,월 3 4,O14203201,1306
1266,892,13,Ghebru Bethel Gherima,수 5 6,O14308101,2303-3
1267,893,13,장용규,화 3 4,O14322101,1306
1268,894,13,Ghebru Bethel Gherima,금 3 4,O14317101,1306
1269,895,13,김유원,목 7 8,O14320101,2315-1
1270,896,13,Ben Katoka,월 1 2,O14411101,1306
1271,897,13,Ben Katoka,수 3 4,O14409101,1306
1272,898,13,김유원,화 7 8,O14319101,2404
1273,899,13,김영옥,월 7 8,N03323101,1409
1274,900,13,임병희,수 5 6,N03327101,1409
1275,901,13,라영균,화 3 4,N03319101,0413
1276,902,13,Holger Preut,목 7 8,N03430201,0207
1277,903,13,박영구,화 3 4 목 3,N03207301,2311
1278,903,13,박세미,월 5 수 3 4,N03207302,2308
1279,903,13,김영옥,월 6 수 7 8 ,N03207303,1409
1280,904,13,최성욱,화 1 2,N03315201,2302
1281,905,13,Frieder Stappenbeck,화 7 8,N03411201,0506
1282,906,13,Holger Preut,월 7 8 화 1 2 수 1 2,A03131501,0403
1283,906,13,Benjamin Neuss,화 1 2 수 1 2 목 1 2,A03131502,0505
1284,907,13,Holger Preut,화 5 6 수 5 6 목 3 4 ,A03135401,0302
1285,907,13,Benjamin Neuss,화 5 6 수 5 6 목 5 6,A03135402,0515
1286,907,13,Frieder Stappenbeck,월 7 8 화 5 6 수 5 6,A03135403,0506
1287,907,13,Frieder Stappenbeck,월 5 6 화 1 2 수 7 8,A03135404,0504
1288,908,13,김백기,월 4 5 6,A03139401,1409-1
1289,908,13,최성욱,월 1 2 3,A03139402,2315-1
1290,908,13,박세미,월 3 4 수 5,A03139403,2308
1291,908,13,임병희,월 3 4 수 3,A03139404,2402-1
1292,909,13,최경인,월 5 6,N03313201,1302
1293,910,13,안인경,목 3 4,N03409201,1409
1294,911,13,한상민,목 5 6,N03329101,1409
1295,912,13,한상민,목 7 8,N03432101,1409
1296,913,13,김백기,화 7 8 수 6,A03141401,1409-1
1297,913,13,박영구,화 7 8 목 4,A03141402,2311
1298,913,13,김이천,화 7 8 목 3,A03141403,2307
1299,914,13,김경랑,수 3 4,A03133102,1409
1300,914,13,홍구슬,화 5 6,A03133103,2511
1301,914,13,유주현,월 3 4,A03133104,2312-1
1302,915,13,최성욱,월 7 8,A03137101,2403-1
1303,915,13,유주현,화 3 4,A03137102,2416
1304,915,13,김경랑,수 1 2,A03137103,1409
1305,915,13,홍구슬,화 3 4,A03137104,2511
1306,916,13,Benjamin Neuss,수 7 8,N03428101,0514
1307,917,13,박세미,목 3 4,N03336101,1409-1
1308,918,13,이현송,화 1 2 3,N01203101,1402
1309,919,13,이현송,목 1 2 3,N01355101,1410
1310,920,13,Andrew Arthur Bruske,수 7 8,N01314101,2307
1311,921,13,김상수,금 1 2 3,N01357101,1402
1312,922,13,윤선경,목 1 2,N01331101,2306
1313,922,13,윤선경,목 3 4,N01331102,2306
1314,923,13,최순근,금 1 2 3,A01215401,2307
1315,923,13,최순근,금 4 5 6,A01215402,2307
1316,924,13,박순강,월 1 2,N01332101,1410
1317,924,13,박순강,월 3 4,N01332102,1410
1318,925,13,Finn Harvor,목 7 8,N01243101,2308
1319,926,13,Andrew Arthur Bruske,수 5 6,N01211101,2307
1320,927,13,이진아,월 4 5 6,N01420201,1403
1321,928,13,선희정,목 4 5 6,N01336101,2307
1322,928,13,선희정,수 7 8 9,N01336102,1402
1323,929,13,박정만,화 4 5 6,E01454501,2303-2
1324,929,13,박정만,수 1 2 3,E01454502,1402
1325,930,13,조은기,월 7 8,N01337101,2303-3
1326,931,13,성승은,"	화 3 4",A01242501,514
1327,932,13,Aziza Mashrabbekova,화 3 4,O11421101,1502
1328,933,13,Bakishev Dulat,화 3 4,O11303101,2403
1329,934,13,손영훈,수 1 2,O11423101,1502
1330,935,13,이지은,화 5 목 5 6,O11217501,1502
1331,936,13,Aziza Mashrabbekova,월 3 4,O11321101,1506-1
1332,937,13,Aziza Mashrabbekova,수 3 4,O11325101,1502
1333,938,13,손영훈,월 3 4,O11201201,1502
1334,939,13,Bakishev Dulat,수 3 4,O11203101,2403
1335,940,13,Aziza Mashrabbekova,목 7 8,O11335101,1502
1336,941,13,김상철,화 1 2,O11333201,1502
1337,942,13,손영훈,금 3 4,O11327101,1502
1338,943,13,이지은,화 7 8 9,O11331201,1502
1339,944,13,염동호,수 7 8 9,O11413201,1502
1340,945,13,이지은,월 1 2,O11429101,1502
1341,946,13,손영훈,목 3 4,O11109101,1502
1342,947,13,황영삼,수 5 6,O11407101,1502
1343,948,13,Aziza Mashrabbekova,월 7 8 목 1 2,O11219501,1502
1344,949,13,추영민,화 5 6 목 5 (1313),O11111401,2416
1345,950,13,Bakishev Dulat,월 7 8 목 1 2,O11105401,2403
1346,951,13,손영훈,금 5 6,O11212101,1502
1347,952,13,연상흠,금 1 2,O11223101,1502
1348,953,13,연상흠,월 5 6,O11306301,1502
1349,954,13,최용주,월 5 6 수 4,F08316201,0415
1350,955,13,이강웅,수 5 6,F08213101,0518
1351,956,13,최용주,화 7 8 9,F08215101,3515
1352,956,13,최용주,금 7 8 9,F08215102,3515
1353,957,13,최용주,월 7 수 5 6,F08415101,0415
1354,958,13,이태형,화 4 5 6,F08313201,0415
1355,959,13,조재창,월 3 4 화 5 (0402),F08324301,0516
1356,960,13,정태용,월 6 목 5 6,F08418201,0304
1357,961,13,조재창,월 5 화 3 4 (0403),F08123101,0516
1358,962,13,유선정,목 7 8 9,F08361501,0415
1359,963,13,이성종,목 1 2 3,F08223101,0415
1360,964,13,남인영,목 4 5 6,F08465101,0415
1361,965,13,정태용,월 7 8 9,F08114101,0214
1362,966,13,이성종,금 4 5 6,F08227501,0415
1363,967,13,여호규,수 3,R02400101,4402
1364,968,13,이영희,목 4 5 6,R05321101,4419
1365,969,13,김은정,수 4 5 6,R05161101,4215
1366,970,13,나영남,월 4 5 6,R05453101,4215
1367,971,13,여호규,월 7 8,R02212201,4215
1368,972,13,박지배,목 4 5 6,R05212101,4215
1369,973,13,윤용선,목 1 2 3,U51603101,4215
1370,974,13,노명환,화 7 8 9,R05301101,4215
1371,975,13,이근명,월 1 2 3,R05214101,4215
1372,976,13,이숙화,월 7 8 9,R05101201,4418
1373,977,13,이승민,화 4 5 6,R05486101,2514
1374,978,13,여호규,수 7 8 9,R02105101,4215
1375,979,13,이수기,월 4 5 6,R02103101,4415
1376,980,13,정영진,수 1 2 3,R05383101,4215
1377,981,13,이제원,목 5 6,N01239101,1402
1378,981,13,이제원,목 7 8,N01239102,1402
1379,981,13,Finn Harvor,화 5 6,N01239103,1410
1380,982,13,Finn Harvor,수 5 6,N01117101,2306
1381,983,13,James Derek Alexander Young,목 1 2 3,N15105101,1402
1382,984,13,강미정,화 1 2,A01428401,2403-1
1383,984,13,Andrew Arthur Bruske,금 5 6,A01428402,1410
1384,985,13,Andrew Arthur Bruske,월 5 6,A01401502,1410
1385,985,13,강미정,화 3 4,A01401503,2403-1
1386,985,13,Andrew Arthur Bruske,월 7 8,A01401504,1410
1387,986,13,박정만,수 5 6,N01111201,1402
1388,986,13,조은기,월 3 4,N01111202,2303-3
1389,986,13,조은기,월 5 6,N01111203,2303-3
1390,987,13,전혜민,금 4 5 6,E01303401,1402
1391,988,13,윤영옥,목 4 5 6,N01115101,1410
1392,989,13,오현주,화 1 2,E01361201,2509-1
1393,990,13,전혜민,금 1 2,N01383201,1410
1394,991,13,Finn Harvor,화 7 8,N01397101,1410
1395,992,13,Andrew Arthur Bruske,금 3 4,N15101101,1410
1396,993,13,James Derek Alexander Young,월 3 4,A01476301,1402
1397,993,13,Finn Harvor,수 7 8,A01476302,2306
1398,994,13,김유강,수 7 8,A01121701,1410
1399,994,13,이진환,화 1 2,A01121702,2407-1
1400,995,13,윤영옥,목 7 8,N01401201,1410
1401,996,13,김덕수,화 3 4,N01113301,2310
1402,997,13,오현주,화 4 5 6,N01352201,1402
1403,998,13,정형석,화 5 6 수 1 2,N01119201,2406
1404,999,13,이보화,월 5 6 수 3,F02450101,3311
1405,1000,13,정창욱,월 7 수 7 8,F02360101,3114
1406,1001,13,정창욱,월 9,F02373201,3114
1407,1002,13,김태경,월 3 4 수 5 (0508),F02464101,0401
1408,1003,13,Liu Chunli,월 1 2 수 3,F02316101,0401
1409,1004,13,이석주,화 1 2 목 3 4,F02307101,0303
1410,1005,13,이석주,월 5 6 수 5,F02199101,0401
1411,1006,13,김태경,수 6 목 5 6,F02355101,0401
1412,1007,13,정창욱,화 1 2 목 3,F02016601,0401
1413,1008,13,김태경,화 7 8,F02018101,3114
1414,1008,13,김태경,목 7 8,F02018102,3114
1415,1009,13,안광신,목 7 8,F02319101,0401
1416,1010,13,Liu Chunli,화 3 4 목 1 2,F02305101,0401
1417,1011,13,Liu Chunli,수 7 8 9 10 11,F02221101,0401
1418,1012,13,Liu Chunli,화 7 8 9 10,F02301101,0401
1419,1013,13,이석주,수 1 2,F02321101,0401
1420,1014,13,안승훈,수 5 6,O04412101,1507
1421,1015,13,김형훈,수 1 2,O04417101,1507
1422,1016,13,Eoin Joseph Trolan,월 7 8,S01219201,1511
1423,1017,13,이예훈,목 5 6,S01132101,0209
1424,1018,13,박지훈,월 1 2,S01314101,1511
1425,1019,13,서형석,수 3 4,S01330101,1511
1426,1020,13,서형석,수 5 6,S01135101,1511
1427,1021,13,Eoin Joseph Trolan,목 7 8,S01202101,0209
1428,1022,13,이승필,목 7 8,S01319101,0514
1429,1023,13,김남수,목 1 2 3,S01311101,0518
1430,1024,13,박성희,목 9,S01407301,1511
1431,1025,13,이승필,수 1 2 3,S01111301,5405
1432,1025,13,이승필,수 7 8 9,S01111302,5405
1433,1026,13,박성희,화 4 5 6,S01109101,0209
1434,1026,13,박성희,화 7 8 9,S01109102,0209
1435,1027,13,이승필,목 1 2,S01216301,1511
1436,1028,13,이예훈,화 5 6,S01228401,0516
1437,1029,13,박성희,수 4 5 6,S01104401,0517
1438,1030,13,이승구,월 4 5 6,S01318201,0207
1439,1031,13,박성희,수 1 2,S01419101,1511
1440,1032,13,Eoin Joseph Trolan,수 7 8,S01115101,1511
1441,1033,13,김남수,목 6,S01136101,0214
1442,1034,13,박성희,목 6,S01137101,0301
1443,1035,13,이승필,목 3 4 토 3 4,S01317301,0214
1444,1036,13,이예훈,화 1 2 3,S01110101,1511
1445,1037,13,최연규,금 3 4,S01126101,5405
1446,1037,13,최연규,금 5 6,S01126102,5405
1447,1038,13,박성희,목 11 금 11,S01416101,1511
1448,1039,13,Eoin Joseph Trolan,월 5 6,S01118201,1511
1449,1040,13,김남수,목 7 8,S01138101,0214
1450,1041,13,박성희,목 7 8,S01139101,0301
1451,1042,13,박성희,목 10 금 10,S01223301,1511
1452,1043,13,김은경,수 3 4,I00104101,0214
1453,1044,13,임대근,목 7 8,I00102101,0604
1454,1045,13,백승훈,수 1 2,I00101101,0214
1455,1046,13,서옥순,화 7 8,I00103201,0518
1456,1047,13,임현경,금 3 4,I00105101,0301
1457,1047,13,임현경,금 5 6,I00105102,0301
1458,1048,13,Finn Harvor,수 1 2,I00401101,0309
1459,1049,13,최은아,월 5 6,I00402201,0412
1460,1050,13,장혜진,목 1 2 3,M01101101,2515
1461,1051,13,최재걸,수 1 금 5 6,M01203101,2515
1462,1052,13,이윤석,화 4 5 6,M01202101,0602
1463,1053,13,장혜진,월 5 6 수 3,M01201101,2515
1464,1054,13,박기봉,화 1 2 3,M02101101,4411
1465,1055,13,권태연,수 4 5 6,M02202101,2515
1466,1056,13,김용식,수 7 8 9,M02203101,2515
1467,1057,13,Jeffrey Scott Owen,목 1 2,L01105101,2310
1468,1058,13,남경식,월 4 5 6,L01103101,2414
1469,1059,13,최용주,수 7 8 9,L01101101,2414
1470,1060,13,남경식,수 4 5 6,L01104101,0213
1471,1061,13,강찬수,화 3 4,L01102101,0505
1472,1062,13,김민형,화 5 6,S03103101,0303
1473,1062,13,김민형,화 7 8,S03103102,0303
1474,1063,13,임대근,화 5 6,S03101101,0301
1475,1063,13,임대근,화 7 8,S03101102,0301
1476,1064,13,최보경,수 3 4,S03233101,1405
1477,1065,13,곽효민,월 5 6,S03204101,1405
1478,1066,13,김세익,월 7 8,S03211101,2511
1479,1067,13,Finn Harvor,목 5 6,S03221101,2308
1480,,,,,,
1481,,,,,,
1482,,,,,,
1483,,,,,,
1484,,,,,,
1485,,,,,,
1486,,,,,,
1487,,,,,,
1488,,,,,,
1489,,,,,,
1490,,,,,,
1491,,,,,,
1492,,,,,,
1493,,,,,,
1494,,,,,,
1495,,,,,,
1496,,,,,,
1497,,,,,,
1498,,,,,,
1499,,,,,,
1500,,,,,,
1501,,,,,,
1502,,,,,,
1503,,,,,,
1504,,,,,,
1505,,,,,,
1506,,,,,,
1507,,,,,,
1508,,,,,,
1509,,,,,,
1510,,,,,,
1511,,,,,,
1512,,,,,,
1513,,,,,,
1514,,,,,,
1515,,,,,,
1516,,,,,,
1517,,,,,,
1518,,,,,,
1519,,,,,,
1520,,,,,,
1521,,,,,,
1522,,,,,,
1523,,,,,,
1524,,,,,,
1525,,,,,,
1526,,,,,,
1527,,,,,,
1528,,,,,,
1529,,,,,,
1530,,,,,,
1531,,,,,,
1532,,,,,,
1533,,,,,,
1534,,,,,,
1535,,,,,,
1536,,,,,,
1537,,,,,,
1538,,,,,,
1539,,,,,,
1540,,,,,,
1541,,,,,,
1542,,,,,,
1543,,,,,,
1544,,,,,,
1545,,,,,,
1546,,,,,,
1547,,,,,,
1548,,,,,,
1549,,,,,,
1550,,,,,,
1551,,,,,,
1552,,,,,,
1553,,,,,,
1554,,,,,,
1555,,,,,,
1556,,,,,,
1557,,,,,,